Country,Year,GDP per capita
Afghanistan,2013,651.987861948108
Albania,2013,4413.06339738921
Algeria,2013,5519.77757552373
Andorra,2013,44747.7538640509
Angola,2013,5101.98387641128
Antigua and Barbuda,2013,13350.149136673
Argentina,2013,13080.2547323367
Armenia,2013,3833.15707143416
Aruba,2013,26515.678080228
Australia,2013,68156.3861047269
Austria,2013,50731.1272541851
Azerbaijan,2013,7875.3446110554
"Bahamas, The",2013,27389.6019706988
Bahrain,2013,25790.7303121382
Bangladesh,2013,973.773900233539
Barbados,2013,16893.6062702039
Belarus,2013,7998.07795284714
Belgium,2013,46757.9518559601
Belize,2013,5887.93343545467
Benin,2013,1214.29556576578
Bermuda,2013,99471.6388978631
Bhutan,2013,2409.43998870348
Bolivia,2013,2853.79716191598
Bosnia and Herzegovina,2013,5025.24065229631
Botswana,2013,6436.60306321162
Brazil,2013,12258.5648491717
Brunei,2013,43950.0570624107
Bulgaria,2013,7686.62922249699
Burkina Faso,2013,762.303780331201
Burundi,2013,241.547665658082
Cambodia,2013,1015.2208813493
Cameroon,2013,1559.13904964956
Canada,2013,52635.1749580433
Cape Verde,2013,3757.65995326233
Cayman Islands,2013,75685.3583652828
Central African Republic,2013,352.226854976587
Chad,2013,980.083544666224
Chile,2013,15833.2759194461
China,2013,7020.38568208449
Colombia,2013,8263.64192942212
Comoros,2013,1595.98981855871
"Congo, Dem. Rep.",2013,444.864357393335
"Congo, Rep.",2013,3719.65103717713
Costa Rica,2013,10633.2665598785
Cote d'Ivoire,2013,1903.0542292873
Croatia,2013,13949.1217681988
Cuba,2013,6814.24384354868
Cyprus,2013,27797.453125
Czech Republic,2013,20133.1691431353
Denmark,2013,61191.1937042028
Djibouti,2013,2102.19794830208
Dominica,2013,7240.67911908479
Dominican Republic,2013,6171.29506392047
East Timor,2013,1201.42360886915
Ecuador,2013,6050.3546113274
Egypt,2013,3088.8908340843
El Salvador,2013,3555.16209958481
Eritrea,2013,574.3812512439455
Estonia,2013,19056.0019226991
Eswatini,2013,4111.12835304282
Ethiopia,2013,490.792474148698
Faeroe Islands,2013,55560.1361320443
Fiji,2013,4586.95616503226
Finland,2013,49892.2233632736
Fm Sudan,2013,1834.56115722656
France,2013,42602.7179652671
French Polynesia,2013,20941.5172242157
Gabon,2013,9250.08111738777
Gambia,2013,647.385537546887
Georgia,2013,4623.88471369397
Germany,2013,46298.9229177345
Ghana,2013,2282.40750113579
Greece,2013,21787.7877636036
Greenland,2013,47535.4910353877
Grenada,2013,7205.25476521885
Guatemala,2013,3522.76754110253
Guinea,2013,757.692272508395
Guinea-Bissau,2013,616.159928711499
Guyana,2013,5576.25021487173
Honduras,2013,2064.55051938928
Hong Kong,2013,38403.7777145477
Hungary,2013,13715.0703590361
Iceland,2013,49804.9829978371
India,2013,1438.05699513067
Indonesia,2013,3602.88551680629
Iran,2013,6280.68186752661
Iraq,2013,6612.90225210234
Ireland,2013,51546.3547634549
Israel,2013,36941.8423573582
Italy,2013,35560.0814062291
Jamaica,2013,5143.72217220643
Japan,2013,40898.6478964744
Jordan,2013,4477.61832070861
Kazakhstan,2013,13890.6339998972
Kenya,2013,1376.8292062766
Kiribati,2013,1628.64244178521
South Korea,2013,27182.7343101936
Kuwait,2013,47762.7223166767
Kyrgyz Republic,2013,1282.43824730088
Lao PDR,2013,1815.44023790527
Latvia,2013,15007.4918561719
Lebanon,2013,8255.20921057153
Lesotho,2013,1141.36103810369
Libya,2013,12589.5297146602
Lithuania,2013,15729.6524666512
Luxembourg,2013,120000.14072986
Macao,2013,86853.4734232259
Madagascar,2013,526.688019705349
Malawi,2013,501.19717297875
Malaysia,2013,10727.6705533054
Maldives,2013,8222.55802191859
Mali,2013,778.797053031814
Malta,2013,24769.4496027657
Mauritania,2013,1929.77566068946
Mauritius,2013,9764.64402458295
Mexico,2013,10865.6872912453
"Micronesia, Fed. Sts.",2013,2920.70086272777
Moldova,2013,3321.04391689154
Mongolia,2013,4422.30087597824
Montenegro,2013,7188.86244459578
Morocco,2013,3377.6435546875
Mozambique,2013,672.203988558972
Myanmar,2013,1195.93779969734
Namibia,2013,5463.03136620996
Nepal,2013,809.384457748037
Netherlands,2013,52198.8975607458
New Caledonia,2013,38503.2538471888
New Zealand,2013,42976.6495882584
Nicaragua,2013,1794.78256608089
Niger,2013,548.157849006161
Nigeria,2013,2976.75673612767
North Macedonia,2013,5241.05363860085
Norway,2013,103553.840134417
Occ.Pal.Terr,2013,3315.29753909282
Oman,2013,23563.9405992228
Pakistan,2013,1126.04077606401
Palau,2013,12418.8261724235
Panama,2013,11932.2862205866
Papua New Guinea,2013,2578.49864720758
Paraguay,2013,6435.82655022784
Peru,2013,6697.18768268879
Philippines,2013,2847.56795417743
Poland,2013,13558.3425613478
Portugal,2013,21653.1959752226
Qatar,2013,97630.8255152088
Romania,2013,9497.20742687855
Russia,2013,15974.623046875
Rwanda,2013,704.423523628556
Samoa,2013,3989.8982485629
Sao Tome and Principe,2013,1551.19290457442
Saudi Arabia,2013,23945.5123106892
Senegal,2013,1391.53219002002
Serbia,2013,6755.07367461629
Seychelles,2013,14729.6270299959
Sierra Leone,2013,706.452665201504
Singapore,2013,56967.4257940383
Slovak Republic,2013,18276.0095516548
Slovenia,2013,23503.2824850257
Solomon Islands,2013,2208.08525325958
South Africa,2013,7441.23085399675
Spain,2013,29077.1820557566
Sri Lanka,2013,3643.83244853816
St. Kitts and Nevis,2013,18315.914675326
St. Lucia,2013,9542.71357425779
St. Vincent and the Grenadines,2013,7117.55476276649
Suriname,2013,9124.54109297075
Sweden,2013,61126.9431963979
Switzerland,2013,87304.3305813557
Syrian Arab Republic,2013,993.739883114507
Tajikistan,2013,1038.32071675482
Tanzania,2013,955.3212890625
Thailand,2013,6041.13401347979
Togo,2013,826.428607280639
Tonga,2013,4208.18868562018
Trinidad and Tobago,2013,19821.528649641
Tunisia,2013,4308.33742099708
Turkey,2013,12507.8031578864
Turkmenistan,2013,7049.79750519535
Turks and Caicos Isl.,2013,22451.5687325118
Tuvalu,2013,3536.90117547358
Uganda,2013,819.757867445612
Ukraine,2013,4187.73974609375
United Arab Emirates,2013,45729.607675743
United Kingdom,2013,43449.0917173139
United States,2013,53291.1276891406
Uruguay,2013,18140.8919180672
Uzbekistan,2013,2419.71874381787
Vanuatu,2013,2877.44452801285
Venezuela,2013,12433.9807853398
Vietnam,2013,2367.49954241069
Yemen,2013,1497.7479410273
Zambia,2013,1840.32055335789
Zimbabwe,2013,1408.36781031236
Afghanistan,2014,628.146803888496
Albania,2014,4578.63320812155
Algeria,2014,5516.22946321562
Andorra,2014,45680.5349900379
Angola,2014,5059.08044128816
Antigua and Barbuda,2014,14004.8112122163
Argentina,2014,12334.7982453893
Armenia,2014,4017.22991251531
Aruba,2014,26942.3079764655
Australia,2014,62515.3148315008
Austria,2014,51786.3771747897
Azerbaijan,2014,7890.83525042681
"Bahamas, The",2014,28720.6621934516
Bahrain,2014,25464.760097715
Bangladesh,2014,1108.51495720707
Barbados,2014,16924.1903399365
Belarus,2014,8341.28810376533
Belgium,2014,47764.0715120825
Belize,2014,6068.08860885237
Benin,2014,1251.50476542685
Bermuda,2014,98467.683993982
Bhutan,2014,2589.89914074134
Bolivia,2014,3022.46288443562
Bosnia and Herzegovina,2014,5196.96942563586
Botswana,2014,6844.03299550537
Brazil,2014,12071.4046547485
Brunei,2014,41035.7731365374
Bulgaria,2014,7912.52053999441
Burkina Faso,2014,767.371344245295
Burundi,2014,257.818557465694
Cambodia,2014,1098.07453750857
Cameroon,2014,1631.71398553289
Canada,2014,50955.9983232404
Cape Verde,2014,3739.27827890219
Cayman Islands,2014,76610.647967975
Central African Republic,2014,394.856933074796
Chad,2014,1017.78776234557
Chile,2014,14666.3431168586
China,2014,7636.07422276004
Colombia,2014,8167.47284156278
Comoros,2014,1608.68787502176
"Congo, Dem. Rep.",2014,472.266235961574
"Congo, Rep.",2014,3622.53007355844
Costa Rica,2014,10737.6788753949
Cote d'Ivoire,2014,2124.01943006075
Croatia,2014,13970.9832274478
Cuba,2014,7117.52691001591
Cyprus,2014,27244.34375
Czech Republic,2014,19890.9199056648
Denmark,2014,62548.9847332908
Djibouti,2014,2239.11453821208
Dominica,2014,7498.91752183776
Dominican Republic,2014,6533.67096798065
East Timor,2014,1221.53422853912
Ecuador,2014,6374.6314856366
Egypt,2014,3196.86138078687
El Salvador,2014,3638.51765819162
Eritrea,2014,574.3812512439455
Estonia,2014,20261.0667303883
Eswatini,2014,3928.52291126341
Ethiopia,2014,557.534148360438
Faeroe Islands,2014,60126.1292136722
Fiji,2014,5305.06340024667
Finland,2014,50327.2402902624
Fm Sudan,2014,2076.0009765625
France,2014,43068.5487241732
French Polynesia,2014,21223.0753984013
Gabon,2014,9255.3680370136
Gambia,2014,561.649639269727
Georgia,2014,4739.27780775509
Germany,2014,48023.8699845455
Ghana,2014,1942.92186873525
Greece,2014,21616.7100094905
Greenland,2014,50485.227411927
Grenada,2014,7726.37826175954
Guatemala,2014,3779.62604225079
Guinea,2014,774.56903955885
Guinea-Bissau,2014,605.122546472108
Guyana,2014,5495.37708403271
Honduras,2014,2164.42451571622
Hong Kong,2014,40315.3722179377
Hungary,2014,14294.2584180751
Iceland,2014,54576.7448146565
India,2014,1559.86377161811
Indonesia,2014,3476.62485432866
Iran,2014,5757.54333261849
Iraq,2014,6215.98603314029
Ireland,2014,55643.0594338739
Israel,2014,38259.6810956173
Italy,2014,35565.7213771491
Jamaica,2014,4991.56426734718
Japan,2014,38475.3952461838
Jordan,2014,4255.89430213385
Kazakhstan,2014,12807.263069029
Kenya,2014,1489.9197238099
Kiribati,2014,1546.88135922715
South Korea,2014,29249.5752209742
Kuwait,2014,43239.8136517377
Kyrgyz Republic,2014,1279.77077699195
Lao PDR,2014,1984.50867013598
Latvia,2014,15742.3913381905
Lebanon,2014,7665.37969184142
Lesotho,2014,1165.0507051115
Libya,2014,9408.75254642338
Lithuania,2014,16551.018202078
Luxembourg,2014,123678.702143273
Macao,2014,90873.6024865671
Madagascar,2014,517.136183197387
Malawi,2014,534.126977149089
Malaysia,2014,11045.5809765322
Maldives,2014,8872.12866368996
Mali,2014,818.430341598893
Malta,2014,26753.2601254783
Mauritania,2014,1715.38883792802
Mauritius,2014,10366.3551883371
Mexico,2014,11076.1341141975
"Micronesia, Fed. Sts.",2014,2928.44878191958
Moldova,2014,3289.16784588695
Mongolia,2014,4211.93943483306
Montenegro,2014,7387.87103632246
Morocco,2014,3430.53466796875
Mozambique,2014,680.375300447653
Myanmar,2014,1238.72871010838
Namibia,2014,5544.1038127905
Nepal,2014,827.744704916142
Netherlands,2014,52900.5374153222
New Caledonia,2014,39675.5663122926
New Zealand,2014,44572.8987536626
Nicaragua,2014,1913.52132128269
Niger,2014,560.754475310886
Nigeria,2014,3200.95314600431
North Macedonia,2014,5495.73140012997
Norway,2014,97666.6951838749
Occ.Pal.Terr,2014,3352.11259506043
Oman,2014,23121.2063768559
Pakistan,2014,1173.39230924409
Palau,2014,13580.0067430883
Panama,2014,12837.2479584282
Papua New Guinea,2014,2742.25004998231
Paraguay,2014,6629.4265185753
Peru,2014,6614.83049889676
Philippines,2014,2935.9285781194
Poland,2014,14181.9501803099
Portugal,2014,22103.7009703317
Qatar,2014,93126.1494633822
Romania,2014,10031.3421526698
Russia,2014,14095.646484375
Rwanda,2014,724.728681179813
Samoa,2014,3948.7287814226
Sao Tome and Principe,2014,1754.6004708083
Saudi Arabia,2014,23862.8011860096
Senegal,2014,1417.09498783186
Serbia,2014,6600.05618640595
Seychelles,2014,15188.1742779408
Sierra Leone,2014,702.33860325433
Singapore,2014,57564.8023114977
Slovak Republic,2014,18719.9881409368
Slovenia,2014,24247.1733184079
Solomon Islands,2014,2235.7335956261
South Africa,2014,6965.1378973693
Spain,2014,29513.65118004
Sri Lanka,2014,3885.62360951803
St. Kitts and Nevis,2014,19945.3926713338
St. Lucia,2014,10007.1868852904
St. Vincent and the Grenadines,2014,7210.61654857376
Suriname,2014,9199.17789329145
Sweden,2014,60020.3604576572
Switzerland,2014,88724.9909402638
Syrian Arab Republic,2014,1071.23420366067
Tajikistan,2014,1094.43012404924
Tanzania,2014,1012.98474121094
Thailand,2014,5822.37772319938
Togo,2014,853.007813755102
Tonga,2014,4125.4260282984
Trinidad and Tobago,2014,20327.9834550529
Tunisia,2014,4398.63869540854
Turkey,2014,12020.349659273
Turkmenistan,2014,7685.50985852327
Turks and Caicos Isl.,2014,24040.8746605688
Tuvalu,2014,3556.37878915785
Uganda,2014,897.509728519811
Ukraine,2014,3104.65380859375
United Arab Emirates,2014,46865.9645976866
United Kingdom,2014,47447.5889322667
United States,2014,55123.8497869046
Uruguay,2014,18131.5788465661
Uzbekistan,2014,2628.4600544321
Vanuatu,2014,2861.20316407946
Venezuela,2014,15975.7293753361
Vietnam,2014,2558.7789242001
Yemen,2014,1557.60140563182
Zambia,2014,1724.57621968232
Zimbabwe,2014,1407.03429109916
Afghanistan,2015,592.476164793256
Albania,2015,3952.80358410846
Algeria,2015,4197.41997101868
Andorra,2015,38885.5303237179
Angola,2015,3100.83068530533
Antigua and Barbuda,2015,14861.8827074704
Argentina,2015,13789.060424772
Armenia,2015,3666.14182536082
Aruba,2015,28421.3864931862
Australia,2015,56708.96119674
Austria,2015,44195.8175947748
Azerbaijan,2015,5500.50462041954
"Bahamas, The",2015,29724.9533355233
Bahrain,2015,22795.4488576612
Bangladesh,2015,1236.00439770048
Barbados,2015,16990.2194668498
Belarus,2015,5967.0691848005
Belgium,2015,41008.296719472
Belize,2015,6142.47883269283
Benin,2015,1041.65252315982
Bermuda,2015,102005.62564189
Bhutan,2015,2695.63690417126
Bolivia,2015,2975.64881143063
Bosnia and Herzegovina,2015,4654.60955224718
Botswana,2015,5869.73777207249
Brazil,2015,8783.21441310718
Brunei,2015,30681.4374376753
Bulgaria,2015,7081.10233572915
Burkina Faso,2015,632.126685840944
Burundi,2015,289.359627144769
Cambodia,2015,1170.74281578324
Cameroon,2015,1399.67533596847
Canada,2015,43596.1355365546
Cape Verde,2015,3169.0789154116
Cayman Islands,2015,77295.8456647776
Central African Republic,2015,351.879754779905
Chad,2015,774.411603146897
Chile,2015,13569.9481274733
China,2015,8016.44601585644
Colombia,2015,6228.65162186096
Comoros,2015,1322.93677460001
"Congo, Dem. Rep.",2015,482.064568490893
"Congo, Rep.",2015,2347.81850686004
Costa Rica,2015,11529.9551735671
Cote d'Ivoire,2015,1941.5818977126
Croatia,2015,12071.090955025
Cuba,2015,7683.75789050585
Cyprus,2015,23487.21875
Czech Republic,2015,17829.6983223668
Denmark,2015,53254.8563700916
Djibouti,2015,2409.31190224284
Dominica,2015,7724.04241057376
Dominican Republic,2015,6838.9367346602
East Timor,2015,1322.30088745104
Ecuador,2015,6130.58667556768
Egypt,2015,3370.38244716015
El Salvador,2015,3761.51368000275
Eritrea,2015,574.3812512439455
Estonia,2015,17402.0376128079
Eswatini,2015,3583.31129031343
Ethiopia,2015,630.312627132481
Faeroe Islands,2015,52726.6887003408
Fiji,2015,5105.1900392223
Finland,2015,42801.9081167285
Fm Sudan,2015,2226.40942382813
France,2015,36652.9223052178
French Polynesia,2015,18252.5141345944
Gabon,2015,7090.45463415798
Gambia,2015,611.671217782995
Georgia,2015,4014.11224099111
Germany,2015,41103.2564363768
Ghana,2015,1711.27147078346
Greece,2015,18083.8779056547
Greenland,2015,44536.3560872963
Grenada,2015,8379.62184743156
Guatemala,2015,3994.62908519019
Guinea,2015,756.425589848067
Guinea-Bissau,2015,585.957012585401
Guyana,2015,5668.42976474423
Honduras,2015,2257.22528369354
Hong Kong,2015,42432.1619740441
Hungary,2015,12717.038597002
Iceland,2015,52951.6815110898
India,2015,1590.17432166504
Indonesia,2015,3322.58167907656
Iran,2015,4990.93679537694
Iraq,2015,4416.94292281917
Ireland,2015,62053.9844381587
Israel,2015,36206.5222171621
Italy,2015,30242.3861352184
Jamaica,2015,5077.55163565712
Japan,2015,34960.6393843385
Jordan,2015,4064.25301043642
Kazakhstan,2015,10510.7703082872
Kenya,2015,1496.65356762256
Kiribati,2015,1459.14369528831
South Korea,2015,28732.2310762599
Kuwait,2015,29315.1960719019
Kyrgyz Republic,2015,1121.08269123697
Lao PDR,2015,2125.45905698314
Latvia,2015,13786.4567953114
Lebanon,2015,7802.75136773923
Lesotho,2015,1113.86863173964
Libya,2015,7867.51573102412
Lithuania,2015,14263.9645773495
Luxembourg,2015,105462.012584423
Macao,2015,73220.6317344085
Madagascar,2015,455.638034528182
Malawi,2015,544.276872378699
Malaysia,2015,9699.58490873216
Maldives,2015,9434.31190964075
Mali,2015,723.504204968944
Malta,2015,24921.6778983872
Mauritania,2015,1562.72685253245
Mauritius,2015,9507.87133656424
Mexico,2015,9753.40056232226
"Micronesia, Fed. Sts.",2015,2891.32210264749
Moldova,2015,2749.91303825395
Mongolia,2015,3919.35121410276
Montenegro,2015,6517.18961381857
Morocco,2015,3139.22827148438
Mozambique,2015,594.226917756451
Myanmar,2015,1224.5623682428
Namibia,2015,4965.67282931154
Nepal,2015,882.307663457577
Netherlands,2015,45193.4032187971
New Caledonia,2015,32428.5721129183
New Zealand,2015,38630.7265886928
Nicaragua,2015,2025.32726145896
Niger,2015,481.111301119154
Nigeria,2015,2679.55476480921
North Macedonia,2015,4861.55615984223
Norway,2015,74809.9658049898
Occ.Pal.Terr,2015,3272.15432360708
Oman,2015,18777.4330589162
Pakistan,2015,1282.44302583998
Palau,2015,15761.3633809149
Panama,2015,13669.5594424097
Papua New Guinea,2015,2502.07374624489
Paraguay,2015,5861.38972416093
Peru,2015,6180.11879937394
Philippines,2015,2974.29692047629
Poland,2015,12560.051419682
Portugal,2015,19250.1065376852
Qatar,2015,66984.9102002396
Romania,2015,8976.95523628605
Russia,2015,9313.021484375
Rwanda,2015,733.822850390664
Samoa,2015,4048.46705675448
Sao Tome and Principe,2015,1571.4985399244
Saudi Arabia,2015,20442.3660631613
Senegal,2015,1238.12639982031
Serbia,2015,5588.9794435877
Seychelles,2015,14894.4857827096
Sierra Leone,2015,581.293411814954
Singapore,2015,55645.6068614606
Slovak Republic,2015,16390.8821748507
Slovenia,2015,20890.1664304173
Solomon Islands,2015,2134.80542436874
South Africa,2015,6204.92990145846
Spain,2015,25754.36102944
Sri Lanka,2015,3990.3531233888
St. Kitts and Nevis,2015,20025.8848511621
St. Lucia,2015,10290.3504792779
St. Vincent and the Grenadines,2015,7386.73748424022
Suriname,2015,8907.8381273582
Sweden,2015,51545.4836095322
Switzerland,2015,83806.4476003837
Syrian Arab Republic,2015,857.497867522093
Tajikistan,2015,970.362599670694
Tanzania,2015,929.107238769531
Thailand,2015,5708.79414662172
Togo,2015,760.242911612052
Tonga,2015,4117.93037018511
Trinidad and Tobago,2015,18389.5310289802
Tunisia,2015,3960.92484913663
Turkey,2015,10851.9201069804
Turkmenistan,2015,6208.2966545016
Turks and Caicos Isl.,2015,25783.2941047676
Tuvalu,2015,3384.38253416751
Uganda,2015,864.180059367602
Ukraine,2015,2124.66259765625
United Arab Emirates,2015,41525.1389043587
United Kingdom,2015,45071.0743234873
United States,2015,56762.7294515989
Uruguay,2015,16950.7533762432
Uzbekistan,2015,2753.97105783086
Vanuatu,2015,2643.88689399558
Venezuela,2015,13183.533017682701
Vietnam,2015,2595.23497870737
Yemen,2015,1488.41626715083
Zambia,2015,1307.90964916032
Zimbabwe,2015,1410.32917348908
Afghanistan,2016,520.251954939821
Albania,2016,4124.05538986272
Algeria,2016,3967.20065952107
Andorra,2016,39931.2169819106
Angola,2016,1709.51553404553
Antigua and Barbuda,2016,15862.6516627488
Argentina,2016,12790.2640639201
Armenia,2016,3679.95234910427
Aruba,2016,28451.2737445083
Australia,2016,49876.7123761245
Austria,2016,45307.5878620442
Azerbaijan,2016,3880.68626683773
"Bahamas, The",2016,29675.5358910641
Bahrain,2016,22867.1811196134
Bangladesh,2016,1659.96248898672
Barbados,2016,17343.7254395315
Belarus,2016,5039.77603167897
Belgium,2016,42012.6227191027
Belize,2016,6148.70696109313
Benin,2016,1049.82030349922
Bermuda,2016,106885.878489327
Bhutan,2016,2879.54657217991
Bolivia,2016,3013.50270721666
Bosnia and Herzegovina,2016,4917.26369838618
Botswana,2016,6411.55166554553
Brazil,2016,8680.73542054827
Brunei,2016,26762.0374289176
Bulgaria,2016,7574.19126408348
Burkina Faso,2016,665.786328528158
Burundi,2016,242.539527360495
Cambodia,2016,1281.10597109735
Cameroon,2016,1426.06548098045
Canada,2016,42315.6037056806
Cape Verde,2016,3312.69675666873
Cayman Islands,2016,78858.2796562866
Central African Republic,2016,372.135456053456
Chad,2016,691.98007735414
Chile,2016,13785.6875977318
China,2016,8094.39037512163
Colombia,2016,5936.26102166829
Comoros,2016,1357.26622888841
"Congo, Dem. Rep.",2016,456.027950503848
"Congo, Rep.",2016,1970.25019879955
Costa Rica,2016,11899.8139783719
Cote d'Ivoire,2016,1999.19537158364
Croatia,2016,12550.7088600004
Cuba,2016,8055.88990736388
Cyprus,2016,24715.142578125
Czech Republic,2016,18575.2320271915
Denmark,2016,54663.9983719195
Djibouti,2016,2545.73879850905
Dominica,2016,8223.04145029796
Dominican Republic,2016,7191.06971254766
East Timor,2016,1347.92636060894
Ecuador,2016,6079.08873612077
Egypt,2016,3331.61246134688
El Salvador,2016,3870.31298246063
Eritrea,2016,574.3812512439455
Estonia,2016,18295.3429322119
Eswatini,2016,3339.99042721438
Ethiopia,2016,705.617512258288
Faeroe Islands,2016,56833.9143691967
Fiji,2016,5368.43365862436
Finland,2016,43814.0265056977
Fm Sudan,2016,2614.29443359375
France,2016,37062.5335723839
French Polynesia,2016,18726.6395043448
Gabon,2016,6722.19822197571
Gambia,2016,640.67627011057
Georgia,2016,4062.12697838612
Germany,2016,42136.1207908003
Ghana,2016,1900.3978364641
Greece,2016,17923.9668134721
Greenland,2016,48181.874188064
Grenada,2016,8849.51353500776
Guatemala,2016,4173.28130287658
Guinea,2016,720.47325520799
Guinea-Bissau,2016,642.666390083655
Guyana,2016,5905.38019563205
Honduras,2016,2295.53623075587
Hong Kong,2016,43734.1980702999
Hungary,2016,13104.6995457458
Iceland,2016,61987.9263620283
India,2016,1714.2795405846
Indonesia,2016,3558.81885174287
Iran,2016,5497.24323256491
Iraq,2016,4305.20270154631
Ireland,2016,62895.9111239299
Israel,2016,37690.4739511859
Italy,2016,30960.7315088911
Jamaica,2016,5022.70332766053
Japan,2016,39375.4731620781
Jordan,2016,4003.40474641177
Kazakhstan,2016,7714.84184376024
Kenya,2016,1562.07661095478
Kiribati,2016,1506.23102993198
South Korea,2016,29288.8704389833
Kuwait,2016,27026.6481960811
Kyrgyz Republic,2016,1120.66706080157
Lao PDR,2016,2309.0490761946
Latvia,2016,14331.7515885053
Lebanon,2016,8172.29947595953
Lesotho,2016,986.265256814218
Libya,2016,7945.00605016919
Lithuania,2016,15008.313244553
Luxembourg,2016,106899.293549555
Macao,2016,71919.0526699551
Madagascar,2016,464.616158414292
Malawi,2016,454.443266065248
Malaysia,2016,9555.64733478683
Maldives,2016,9640.31919054401
Mali,2016,750.051809022529
Malta,2016,25623.855626725
Mauritania,2016,1579.19930100836
Mauritius,2016,9965.72521738767
Mexico,2016,8875.08206876137
"Micronesia, Fed. Sts.",2016,3022.65362747328
Moldova,2016,2847.63506882245
Mongolia,2016,3690.7567775547
Montenegro,2016,7033.43800629458
Morocco,2016,3132.9521484375
Mozambique,2016,430.992945098065
Myanmar,2016,1161.86181771761
Namibia,2016,4614.89217952266
Nepal,2016,880.224893683469
Netherlands,2016,46039.105928411
New Caledonia,2016,32286.9105568684
New Zealand,2016,40058.1961621466
Nicaragua,2016,2079.44552907512
Niger,2016,497.036120778867
Nigeria,2016,2144.77993839856
North Macedonia,2016,5149.58676436907
Norway,2016,70867.3609970749
Occ.Pal.Terr,2016,3527.61382413178
Oman,2016,17082.2061998982
Pakistan,2016,1468.82207690892
Palau,2016,16743.376740009
Panama,2016,14382.2323819969
Papua New Guinea,2016,2332.6756636019
Paraguay,2016,5759.01833315657
Peru,2016,6163.86117862599
Philippines,2016,3038.15204593606
Poland,2016,12378.8117640735
Portugal,2016,19991.9724878811
Qatar,2016,58467.2355711087
Romania,2016,9404.38048702324
Russia,2016,8704.89453125
Rwanda,2016,728.806677024971
Samoa,2016,4105.81068128252
Sao Tome and Principe,2016,1688.37530288509
Saudi Arabia,2016,19930.407543816
Senegal,2016,1290.74997113225
Serbia,2016,5765.20335248009
Seychelles,2016,15409.8050193774
Sierra Leone,2016,515.44783140804
Singapore,2016,56895.6433372978
Slovak Republic,2016,16563.4404971233
Slovenia,2016,21678.3594670635
Solomon Islands,2016,2196.28390774566
South Africa,2016,5735.06678717842
Spain,2016,26537.1594894549
Sri Lanka,2016,4107.82976157993
St. Kitts and Nevis,2016,21095.2540386708
St. Lucia,2016,10574.3025992667
St. Vincent and the Grenadines,2016,7684.7792821395
Suriname,2016,5705.39923222194
Sweden,2016,51965.1571531985
Switzerland,2016,82153.0745447889
Syrian Arab Republic,2016,664.341672265103
Tajikistan,2016,801.39383995978
Tanzania,2016,942.88134765625
Thailand,2016,5854.46385243079
Togo,2016,787.280161556316
Tonga,2016,3978.43821197087
Trinidad and Tobago,2016,15991.1087914364
Tunisia,2016,3796.10901086093
Turkey,2016,10734.2564687192
Turkmenistan,2016,6163.25340597611
Turks and Caicos Isl.,2016,26995.0321602259
Tuvalu,2016,3836.07307089399
Uganda,2016,753.684405538911
Ukraine,2016,2187.7275390625
United Arab Emirates,2016,41054.5395698941
United Kingdom,2016,41146.0773555246
United States,2016,57866.7449341091
Uruguay,2016,16837.9403803049
Uzbekistan,2016,2704.67718855008
Vanuatu,2016,2757.20330593386
Venezuela,2016,13183.533017682701
Vietnam,2016,2760.7171010752
Yemen,2016,1069.81699688467
Zambia,2016,1249.92314348406
Zimbabwe,2016,1421.78779140568
Afghanistan,2017,530.14986261654
Albania,2017,4531.03220675893
Algeria,2017,4134.93609898195
Andorra,2017,40632.2315536054
Angola,2017,2283.21423255725
Antigua and Barbuda,2017,16110.31239978
Argentina,2017,14613.035714704
Armenia,2017,4041.99507231389
Aruba,2017,29326.7080582111
Australia,2017,53934.1543741253
Austria,2017,47429.1584564391
Azerbaijan,2017,4147.19861886412
"Bahamas, The",2017,30708.9870181946
Bahrain,2017,24349.9098701325
Bangladesh,2017,1815.61019133661
Barbados,2017,17843.1979282703
Belarus,2017,5785.53497525452
Belgium,2017,44198.4823908695
Belize,2017,6100.99468097883
Benin,2017,1095.27445905127
Bermuda,2017,111820.581466347
Bhutan,2017,3240.70632594822
Bolivia,2017,3280.0082139387
Bosnia and Herzegovina,2017,5327.39318443711
Botswana,2017,6705.34106167973
Brazil,2017,9896.7175109967
Brunei,2017,28186.9833864683
Bulgaria,2017,8386.58920224077
Burkina Faso,2017,711.184543938412
Burundi,2017,244.145422138192
Cambodia,2017,1400.89926526097
Cameroon,2017,1479.86222292155
Canada,2017,45129.4292980922
Cape Verde,2017,3534.34358304479
Cayman Islands,2017,81255.1122691866
Central African Republic,2017,414.740322572797
Chad,2017,662.89747343383
Chile,2017,15045.5278507601
China,2017,8817.04549566316
Colombia,2017,6449.97098726073
Comoros,2017,1414.58668930426
"Congo, Dem. Rep.",2017,451.089088632243
"Congo, Rep.",2017,2088.5002986615
Costa Rica,2017,12118.1336180615
Cote d'Ivoire,2017,2113.34152529371
Croatia,2017,13562.1440493296
Cuba,2017,8543.36096849045
Cyprus,2017,26697.005859375
Czech Republic,2017,20636.199952435
Denmark,2017,57610.0981801135
Djibouti,2017,2655.73321960188
Dominica,2017,7408.09130082314
Dominican Republic,2017,7513.49795078555
East Timor,2017,1283.52588207378
Ecuador,2017,6246.40425217932
Egypt,2017,2439.96728439968
El Salvador,2017,3986.04901435439
Eritrea,2017,574.3812512439455
Estonia,2017,20437.7653767361
Eswatini,2017,3824.04678338499
Ethiopia,2017,755.752645114994
Faeroe Islands,2017,59328.2334807078
Fiji,2017,5825.19881260364
Finland,2017,46412.1364777173
Fm Sudan,2017,3188.76928710938
France,2017,38781.049487084
French Polynesia,2017,19743.9589929011
Gabon,2017,6975.69519686527
Gambia,2017,632.001017887163
Georgia,2017,4356.9285949639
Germany,2017,44652.5891722723
Ghana,2017,1998.72266579856
Greece,2017,18582.0893411633
Greenland,2017,50765.6956477233
Grenada,2017,9309.26129609568
Guatemala,2017,4454.02466102158
Guinea,2017,843.464279212393
Guinea-Bissau,2017,718.245737769192
Guyana,2017,6220.97856820609
Honduras,2017,2403.30609417895
Hong Kong,2017,46160.429791493
Hungary,2017,14621.2395956755
Iceland,2017,72010.1490316258
India,2017,1957.96981368095
Indonesia,2017,3839.78507463674
Iran,2017,5758.59072767048
Iraq,2017,4725.19357334032
Ireland,2017,69970.9489145768
Israel,2017,41114.7817082553
Italy,2017,32406.7203150137
Jamaica,2017,5273.14892328505
Japan,2017,38834.0529341227
Jordan,2017,4073.11640314668
Kazakhstan,2017,9247.58068659796
Kenya,2017,1675.98842952557
Kiribati,2017,1566.44704429709
South Korea,2017,31616.8434004683
Kuwait,2017,29258.289635943
Kyrgyz Republic,2017,1242.7702228364
Lao PDR,2017,2439.4633552251
Latvia,2017,15695.115154106
Lebanon,2017,8679.8974221128
Lesotho,2017,1062.71239873122
Libya,2017,10529.116268568
Lithuania,2017,16885.4073948375
Luxembourg,2017,110193.213797229
Macao,2017,78985.632294577
Madagascar,2017,503.498058680237
Malawi,2017,500.165547203323
Malaysia,2017,9979.70475684195
Maldives,2017,10063.0037101733
Mali,2017,795.682802118529
Malta,2017,28823.3457592861
Mauritania,2017,1634.64284512097
Mauritius,2017,10841.6846706773
Mexico,2017,9434.37817948243
"Micronesia, Fed. Sts.",2017,3320.3549760029
Moldova,2017,3454.95469039113
Mongolia,2017,3708.24822113607
Montenegro,2017,7803.36257940837
Morocco,2017,3288.50268554688
Mozambique,2017,462.699970143116
Myanmar,2017,1175.20255456427
Namibia,2017,5453.57062341501
Nepal,2017,1027.96547448918
Netherlands,2017,48675.2223350217
New Caledonia,2017,33874.9307617678
New Zealand,2017,42910.9728362488
Nicaragua,2017,2127.27765860035
Niger,2017,514.543268872382
Nigeria,2017,1941.87948520625
North Macedonia,2017,5450.49703529752
Norway,2017,76131.8384032764
Occ.Pal.Terr,2017,3620.36048715937
Oman,2017,17802.5751178049
Pakistan,2017,1567.64061969895
Palau,2017,16011.6611537815
Panama,2017,15185.9724813803
Papua New Guinea,2017,2495.14047352341
Paraguay,2017,6136.05835430284
Peru,2017,6676.3077877014
Philippines,2017,3077.43443152814
Poland,2017,13815.499946254
Portugal,2017,21490.4298631042
Qatar,2017,59407.6980498883
Romania,2017,10727.9717457361
Russia,2017,10720.33203125
Rwanda,2017,756.547604942853
Samoa,2017,4261.64051331162
Sao Tome and Principe,2017,1805.52465051182
Saudi Arabia,2017,20910.4829617971
Senegal,2017,1385.19921458889
Serbia,2017,6292.5465490011
Seychelles,2017,15961.2416816717
Sierra Leone,2017,484.456115646579
Singapore,2017,61164.8973569773
Slovak Republic,2017,17585.1970022571
Slovenia,2017,23514.0254604149
Solomon Islands,2017,2283.57894441331
South Africa,2017,6734.47515312493
Spain,2017,28185.3213671972
Sri Lanka,2017,4388.20190753404
St. Kitts and Nevis,2017,22160.6036296839
St. Lucia,2017,11270.4328991025
St. Vincent and the Grenadines,2017,7996.65623319532
Suriname,2017,6112.88291225207
Sweden,2017,53791.5087298403
Switzerland,2017,82254.3769269767
Syrian Arab Republic,2017,862.319063807846
Tajikistan,2017,844.365249851831
Tanzania,2017,975.924560546875
Thailand,2017,6436.78964911639
Togo,2017,814.41983755384
Tonga,2017,4367.25562971244
Trinidad and Tobago,2017,16094.6667788294
Tunisia,2017,3569.71883883673
Turkey,2017,10464.007789586
Turkmenistan,2017,6354.53282979422
Turks and Caicos Isl.,2017,25659.1958638691
Tuvalu,2017,4181.43756939925
Uganda,2017,766.177603973574
Ukraine,2017,2638.32543945313
United Arab Emirates,2017,43063.9674785596
United Kingdom,2017,40622.6893883232
United States,2017,59907.754260885
Uruguay,2017,18995.3970195554
Uzbekistan,2017,1916.7646252423
Vanuatu,2017,3032.19702028187
Venezuela,2017,13183.533017682701
Vietnam,2017,2992.07174595941
Yemen,2017,893.716572852695
Zambia,2017,1495.75213841021
Zimbabwe,2017,1192.10701198862
Afghanistan,2018,502.057099211089
Albania,2018,5287.66081699731
Algeria,2018,4171.79530903532
Andorra,2018,42904.8284555114
Angola,2018,2487.50099555267
Antigua and Barbuda,2018,17514.3558637327
Argentina,2018,11795.1628852236
Armenia,2018,4391.92327364082
Aruba,2018,30918.5152176932
Australia,2018,57206.9906696898
Austria,2018,51466.5565633624
Azerbaijan,2018,4739.79524170312
"Bahamas, The",2018,31483.9788408235
Bahrain,2018,25415.8466249472
Bangladesh,2018,1963.41270740562
Barbados,2018,18224.8905923744
Belarus,2018,6360.05206042843
Belgium,2018,47544.9811472749
Belize,2018,6059.16255306675
Benin,2018,1194.43821427137
Bermuda,2018,113050.73688163
Bhutan,2018,3210.70781406979
Bolivia,2018,3471.0069506501
Bosnia and Herzegovina,2018,6024.49154590957
Botswana,2018,6947.81784114167
Brazil,2018,9121.02009249958
Brunei,2018,31241.0239732766
Bulgaria,2018,9451.850869564
Burkina Faso,2018,779.202768060739
Burundi,2018,232.060616581243
Cambodia,2018,1533.31598456036
Cameroon,2018,1594.06010909489
Canada,2018,46547.7951820036
Cape Verde,2018,3860.45481136132
Cayman Islands,2018,85231.7751511594
Central African Republic,2018,435.93229629544
Chad,2018,720.265100910693
Chile,2018,15795.7081412484
China,2018,9905.4061175104
Colombia,2018,6782.0379203319
Comoros,2018,1531.33781085768
"Congo, Dem. Rep.",2018,546.212593331533
"Congo, Rep.",2018,2512.38416688863
Costa Rica,2018,12383.1499469519
Cote d'Ivoire,2018,2295.5403346362
Croatia,2018,15003.1406807658
Cuba,2018,8831.90722233737
Cyprus,2018,29419.88671875
Czech Republic,2018,23424.4804601855
Denmark,2018,61591.9288698958
Djibouti,2018,2755.83829341814
Dominica,2018,7833.19501250117
Dominican Republic,2018,7947.1593538657
East Timor,2018,1239.36608695997
Ecuador,2018,6321.34940071717
Egypt,2018,2531.20007864537
El Salvador,2018,4145.86235103186
Eritrea,2018,574.3812512439455
Estonia,2018,23165.8494786433
Eswatini,2018,4021.44555622456
Ethiopia,2018,758.297690230677
Faeroe Islands,2018,62576.803752148
Fiji,2018,6073.39519537246
Finland,2018,49987.6261584959
Fm Sudan,2018,769.869140625
France,2018,41557.8548588869
French Polynesia,2018,20614.8943927479
Gabon,2018,7694.90604516289
Gambia,2018,683.324637893351
Georgia,2018,4722.0424231414
Germany,2018,47939.2782884496
Ghana,2018,2180.02968425645
Greece,2018,19756.9904562547
Greenland,2018,54545.2999786248
Grenada,2018,9574.3102711372
Guatemala,2018,4485.75238352401
Guinea,2018,944.417268594849
Guinea-Bissau,2018,781.644367627497
Guyana,2018,6094.90983679015
Honduras,2018,2457.68601233921
Hong Kong,2018,48537.5668888343
Hungary,2018,16425.2050299693
Iceland,2018,74452.1890731447
India,2018,1974.37773014516
Indonesia,2018,3902.66167542693
Iran,2018,3829.82985506938
Iraq,2018,5601.46706102705
Ireland,2018,79250.387851767
Israel,2018,42406.8454263606
Italy,2018,34622.1696664735
Jamaica,2018,5594.49310704577
Japan,2018,39751.1330982711
Jordan,2018,4146.40731063215
Kazakhstan,2018,9812.62542188505
Kenya,2018,1845.78341285836
Kiribati,2018,1607.22964956271
South Korea,2018,33436.9230646064
Kuwait,2018,32012.1352035471
Kyrgyz Republic,2018,1308.13977921847
Lao PDR,2018,2553.36186646266
Latvia,2018,17865.0310947639
Lebanon,2018,9225.84515488016
Lesotho,2018,1162.97879205186
Libya,2018,11838.2987075
Lithuania,2018,19186.3595916406
Luxembourg,2018,116786.511654675
Macao,2018,84923.308755835
Madagascar,2018,512.543991518575
Malawi,2018,537.932204050438
Malaysia,2018,11073.9785943006
Maldives,2018,10823.6104831326
Mali,2018,856.35659593664
Malta,2018,31566.3581092742
Mauritania,2018,1749.95423645373
Mauritius,2018,11643.4605962124
Mexico,2018,9857.00748742213
"Micronesia, Fed. Sts.",2018,3623.32933678299
Moldova,2018,4156.95750022299
Mongolia,2018,4165.0228208175
Montenegro,2018,8850.37840418683
Morocco,2018,3492.67236328125
Mozambique,2018,504.535826061786
Myanmar,2018,1274.91566321935
Namibia,2018,5687.38118605248
Nepal,2018,1161.5343496196
Netherlands,2018,53044.5324352244
New Caledonia,2018,36495.1959858513
New Zealand,2018,43236.8866923404
Nicaragua,2018,1981.86316786346
Niger,2018,567.330849192284
Nigeria,2018,2125.83428239448
North Macedonia,2018,6108.73913136452
Norway,2018,82792.8427113304
Occ.Pal.Terr,2018,3562.33094270256
Oman,2018,19887.5743113149
Pakistan,2018,1620.7425960251
Palau,2018,15948.275862069
Panama,2018,16156.0742942819
Papua New Guinea,2018,2584.32773832502
Paraguay,2018,6242.96150239538
Peru,2018,6912.10462268352
Philippines,2018,3194.67270414955
Poland,2018,15504.5089372145
Portugal,2018,23562.5545228187
Qatar,2018,66264.081168209
Romania,2018,12494.4246355892
Russia,2018,11287.3544921875
Rwanda,2018,768.964130260141
Samoa,2018,4189.05221936817
Sao Tome and Principe,2018,1950.62935180937
Saudi Arabia,2018,24175.5831237449
Senegal,2018,1484.22706929232
Serbia,2018,7252.40366767165
Seychelles,2018,16409.4711279453
Sierra Leone,2018,519.649983516466
Singapore,2018,66836.5385122528
Slovak Republic,2018,19486.3936845502
Slovenia,2018,26123.7471277906
Solomon Islands,2018,2450.48293051599
South Africa,2018,7048.50811239074
Spain,2018,30379.7211126417
Sri Lanka,2018,4360.58474164383
St. Kitts and Nevis,2018,22548.1506296397
St. Lucia,2018,11563.8720659858
St. Vincent and the Grenadines,2018,8399.69396687848
Suriname,2018,6730.83678250321
Sweden,2018,54589.0603860606
Switzerland,2018,85216.6429514169
Syrian Arab Republic,2018,1111.87209285102
Tajikistan,2018,850.666958178735
Tanzania,2018,1011.59967041016
Thailand,2018,7124.55886705161
Togo,2018,873.555156326018
Tonga,2018,4649.61351282985
Trinidad and Tobago,2018,16164.1613344567
Tunisia,2018,3577.1694604526
Turkey,2018,9400.83633703723
Turkmenistan,2018,6721.34954037245
Turks and Caicos Isl.,2018,26831.9714609396
Tuvalu,2018,4419.25632329714
Uganda,2018,793.12808227851
Ukraine,2018,3096.5625
United Arab Emirates,2018,46722.2687193126
United Kingdom,2018,43306.3083049317
United States,2018,62823.309438197
Uruguay,2018,19026.04961089
Uzbekistan,2018,1604.25864157357
Vanuatu,2018,3076.8353148388
Venezuela,2018,13183.533017682701
Vietnam,2018,3267.22500852051
Yemen,2018,701.714877767947
Zambia,2018,1475.19983636703
Zimbabwe,2018,2269.17701232332
Afghanistan,2019,500.52298078433
Albania,2019,5396.21422690995
Algeria,2019,4021.98360796603
Andorra,2019,41328.6004993451
Angola,2019,2142.23875712854
Antigua and Barbuda,2019,18187.7797117112
Argentina,2019,9963.67423069626
Armenia,2019,4828.50488860645
Aruba,2019,31902.7625819564
Australia,2019,54941.0657202842
Austria,2019,50070.4033482892
Azerbaijan,2019,4805.75371765917
"Bahamas, The",2019,32279.0113630465
Bahrain,2019,25869.1129129041
Bangladesh,2019,2122.0783861524
Barbados,2019,19002.9623813263
Belarus,2019,6837.76723174438
Belgium,2019,46641.7116578097
Belize,2019,6210.56554311929
Benin,2019,1170.96553298105
Bermuda,2019,116153.166121638
Bhutan,2019,3303.96230868215
Bolivia,2019,3472.38083136442
Bosnia and Herzegovina,2019,6094.72321376258
Botswana,2019,6691.16105117407
Brazil,2019,8845.3239312417
Brunei,2019,30748.3201899098
Bulgaria,2019,9878.76887237072
Burkina Faso,2019,772.166877547544
Burundi,2019,216.972970864849
Cambodia,2019,1671.38540009767
Cameroon,2019,1538.68791202148
Canada,2019,46374.1527517191
Cape Verde,2019,3928.30909558631
Cayman Islands,2019,89846.3210991824
Central African Republic,2019,426.408752988942
Chad,2019,701.621200811434
Chile,2019,14627.14501648
China,2019,10143.8602060373
Colombia,2019,6436.50921529531
Comoros,2019,1510.7973226286
"Congo, Dem. Rep.",2019,575.882781272568
"Congo, Rep.",2019,2288.80808614703
Costa Rica,2019,12669.3411617396
Cote d'Ivoire,2019,2290.78737894782
Croatia,2019,15086.2117396215
Cuba,2019,9139.41585605765
Cyprus,2019,29417.921875
Czech Republic,2019,23664.8478631108
Denmark,2019,59592.9806886454
Djibouti,2019,2876.04366371536
Dominica,2019,8561.58701121461
Dominican Republic,2019,8173.34464573914
East Timor,2019,1584.26382222333
Ecuador,2019,6233.25816692363
Egypt,2019,3017.25833578941
El Salvador,2019,4280.28840404719
Eritrea,2019,574.3812512439455
Estonia,2019,23424.4847073513
Eswatini,2019,3818.54042507683
Ethiopia,2019,840.449603427131
Faeroe Islands,2019,63382.753141994
Fiji,2019,5968.31955666383
Finland,2019,48629.8582283024
Fm Sudan,2019,748.010925292969
France,2019,40494.8982936269
French Polynesia,2019,20093.2086174285
Gabon,2019,7523.8622784602
Gambia,2019,722.875350964205
Georgia,2019,4696.15058555612
Germany,2019,46793.6867615995
Ghana,2019,2167.92544002254
Greece,2019,19144.2843875557
Greenland,2019,53309.5792663647
Grenada,2019,9887.92074235834
Guatemala,2019,4647.80734000427
Guinea,2019,1043.89988619523
Guinea-Bissau,2019,730.611432269736
Guyana,2019,6477.29672607993
Honduras,2019,2519.36619342175
Hong Kong,2019,48359.0032522111
Hungary,2019,16786.2136399075
Iceland,2019,68403.1448095284
India,2019,2050.16378973235
Indonesia,2019,4151.22755454135
Iran,2019,3276.75326508099
Iraq,2019,5621.18169491752
Ireland,2019,80927.0746710651
Israel,2019,44452.2325623093
Italy,2019,33673.7509627414
Jamaica,2019,5626.17040261069
Japan,2019,40415.9567649547
Jordan,2019,4159.67140765344
Kazakhstan,2019,9812.59553636276
Kenya,2019,1970.0800629654
Kiribati,2019,1410.01508996396
South Korea,2019,31902.4169048194
Kuwait,2019,30666.2206640015
Kyrgyz Republic,2019,1374.03113638998
Lao PDR,2019,2598.50552320723
Latvia,2019,17945.2222164981
Lebanon,2019,8925.42186018651
Lesotho,2019,1094.49943775496
Libya,2019,10542.4290203358
Lithuania,2019,19598.4008704357
Luxembourg,2019,112621.821337402
Macao,2019,83183.4723863046
Madagascar,2019,512.279665582666
Malawi,2019,584.362867276266
Malaysia,2019,11132.1034532052
Maldives,2019,11118.5262346524
Mali,2019,840.175746132551
Malta,2019,31506.5568445964
Mauritania,2019,1839.96277798478
Mauritius,2019,11403.2528942201
Mexico,2019,10145.1526279593
"Micronesia, Fed. Sts.",2019,3699.08151446862
Moldova,2019,4404.95042249597
Mongolia,2019,4394.94715010112
Montenegro,2019,8909.65333601178
Morocco,2019,3498.58251953125
Mozambique,2019,508.163403756662
Myanmar,2019,1295.20148745222
Namibia,2019,5126.17614281673
Nepal,2019,1185.68231813605
Netherlands,2019,52476.2732533318
New Caledonia,2019,34934.5794941128
New Zealand,2019,42796.4305818389
Nicaragua,2019,1905.63831305189
Niger,2019,550.963543141805
Nigeria,2019,2334.02354308408
North Macedonia,2019,6070.38805358275
Norway,2019,76430.5889473338
Occ.Pal.Terr,2019,3656.85827137011
Oman,2019,19132.1522739094
Pakistan,2019,1437.1658337701
Palau,2019,15567.0908684974
Panama,2019,16472.8317548406
Papua New Guinea,2019,2593.77579783693
Paraguay,2019,5807.83881414187
Peru,2019,6955.88176963678
Philippines,2019,3413.8490672059
Poland,2019,15700.0135796738
Portugal,2019,23330.8172889316
Qatar,2019,62827.3969543275
Romania,2019,12957.9991142218
Russia,2019,11536.2587890625
Rwanda,2019,806.128014394646
Samoa,2019,4308.30145287685
Sao Tome and Principe,2019,1991.73826385183
Saudi Arabia,2019,23405.7061087736
Senegal,2019,1462.6783520711
Serbia,2019,7417.20658487785
Seychelles,2019,16851.1197648771
Sierra Leone,2019,506.606908156498
Singapore,2019,66070.4706679227
Slovak Republic,2019,19381.592110485
Slovenia,2019,26016.0786839136
Solomon Islands,2019,2398.77296268603
South Africa,2019,6688.77474649645
Spain,2019,29581.5185513293
Sri Lanka,2019,4082.69404756548
St. Kitts and Nevis,2019,23219.4090468738
St. Lucia,2019,11726.6771483578
St. Vincent and the Grenadines,2019,8680.24198247066
Suriname,2019,6690.04478601228
Sweden,2019,51939.4297445291
Switzerland,2019,84121.9310304414
Syrian Arab Republic,2019,1124.520554158
Tajikistan,2019,889.023371807526
Tanzania,2019,1050.93237304688
Thailand,2019,7628.57608699366
Togo,2019,848.304826917637
Tonga,2019,4878.97818832247
Trinidad and Tobago,2019,15690.9630952205
Tunisia,2019,3477.84427052074
Turkey,2019,9103.01239697463
Turkmenistan,2019,7180.4595520094
Turks and Caicos Isl.,2019,27795.1485608171
Tuvalu,2019,4940.0506820692
Uganda,2019,823.024732829946
Ukraine,2019,3661.45776367188
United Arab Emirates,2019,45376.1708390447
United Kingdom,2019,42747.080460496
United States,2019,65120.3946628653
Uruguay,2019,18098.361548609
Uzbekistan,2019,1795.20176845657
Vanuatu,2019,3076.58988588361
Venezuela,2019,13183.533017682701
Vietnam,2019,3491.09127859728
Yemen,2019,693.816483547342
Zambia,2019,1268.12094056241
Zimbabwe,2019,1421.86859641758
Afghanistan,2020,516.866797351726
Albania,2020,5343.0377039956
Algeria,2020,3354.15730265114
Andorra,2020,37207.2220000095
Angola,2020,1502.95075414518
Antigua and Barbuda,2020,15284.7723835378
Argentina,2020,8496.428156755
Armenia,2020,4505.86774552638
Aruba,2020,24487.863569428
Australia,2020,51722.0690001531
Austria,2020,48809.2268762235
Azerbaijan,2020,4229.91064904503
"Bahamas, The",2020,23998.2680191207
Bahrain,2020,23433.1872362574
Bangladesh,2020,2233.30589251829
Barbados,2020,16643.8065787177
Belarus,2020,6542.8645398436
Belgium,2020,45517.9038182019
Belize,2020,5266.87616004213
Benin,2020,1237.9492953503
Bermuda,2020,107791.886435134
Bhutan,2020,3009.92551590976
Bolivia,2020,3068.81255516456
Bosnia and Herzegovina,2020,6095.10247869327
Botswana,2020,5875.07060571282
Brazil,2020,6923.70019715065
Brunei,2020,27179.3444218249
Bulgaria,2020,10153.4766003869
Burkina Faso,2020,833.244336106076
Burundi,2020,216.827417445762
Cambodia,2020,1577.91173993243
Cameroon,2020,1539.13054650019
Canada,2020,43349.677855557
Cape Verde,2020,3223.73560213047
Cayman Islands,2020,83897.5052077489
Central African Republic,2020,435.469248170025
Chad,2020,643.772216240999
Chile,2020,13165.3863429858
China,2020,10408.7191247747
Colombia,2020,5304.28912886637
Comoros,2020,1519.58677981636
"Congo, Dem. Rep.",2020,524.666686258939
"Congo, Rep.",2020,1838.44812411674
Costa Rica,2020,12179.2566742377
Cote d'Ivoire,2020,2349.06988200032
Croatia,2020,14236.5352454642
Cuba,2020,9499.59020230432
Cyprus,2020,28035.984375
Czech Republic,2020,22992.8793833348
Denmark,2020,60915.4243995462
Djibouti,2020,2917.9962809563
Dominica,2020,7003.46989117043
Dominican Republic,2020,7167.91493205787
East Timor,2020,1660.30830887811
Ecuador,2020,5645.19928965332
Egypt,2020,3571.5569065135
El Salvador,2020,3961.72663347599
Eritrea,2020,574.3812512439455
Estonia,2020,23595.2436836437
Eswatini,2020,3372.90463883844
Ethiopia,2020,918.652594077418
Faeroe Islands,2020,61979.7954421759
Fiji,2020,4864.10600771307
Finland,2020,49169.719338849
Fm Sudan,2020,608.33251953125
France,2020,39055.2829280747
French Polynesia,2020,18984.6173795396
Gabon,2020,6680.08267035331
Gambia,2020,704.030457831626
Georgia,2020,4255.74299321254
Germany,2020,46772.8253507537
Ghana,2020,2176.57621802942
Greece,2020,17658.9473011189
Greenland,2020,54693.5114093342
Grenada,2020,8437.5367823125
Guatemala,2020,4609.89725752869
Guinea,2020,1073.6593389589
Guinea-Bissau,2020,710.258132977055
Guyana,2020,6863.07434593017
Honduras,2020,2354.12148010105
Hong Kong,2020,46109.2299946609
Hungary,2020,16125.6094085407
Iceland,2020,58813.7969830876
India,2020,1913.21972103493
Indonesia,2020,3895.61815205095
Iran,2020,2746.41948317956
Iraq,2020,4251.33725272808
Ireland,2020,85420.1908556082
Israel,2020,44846.7915954816
Italy,2020,31918.6934933773
Jamaica,2020,4897.26477019956
Japan,2020,39986.9286287091
Jordan,2020,3987.65017399411
Kazakhstan,2020,9121.63640167864
Kenya,2020,1936.25075166045
Kiribati,2020,1403.99373815921
South Korea,2020,31721.2980183057
Kuwait,2020,24297.7011414501
Kyrgyz Republic,2020,1182.52150620357
Lao PDR,2020,2593.35509719847
Latvia,2020,18207.1396408628
Lebanon,2020,5599.95752260733
Lesotho,2020,939.504249056769
Libya,2020,7034.65836451166
Lithuania,2020,20363.9244050084
Luxembourg,2020,117370.49690016
Macao,2020,37646.4956527785
Madagascar,2020,462.40422880067
Malawi,2020,622.184591368491
Malaysia,2020,10160.8293465592
Maldives,2020,7282.37291624623
Mali,2020,822.90613752314
Malta,2020,29196.9777453786
Mauritania,2020,1868.46824831502
Mauritius,2020,9005.46202174274
Mexico,2020,8654.99732516958
"Micronesia, Fed. Sts.",2020,3639.41269869588
Moldova,2020,4376.24249318339
Mongolia,2020,4041.17414513165
Montenegro,2020,7677.36914105517
Morocco,2020,3258.10498046875
Mozambique,2020,454.062364345564
Myanmar,2020,1477.45290479479
Namibia,2020,4252.04180684509
Nepal,2020,1139.18989202387
Netherlands,2020,52162.5701150397
New Caledonia,2020,34700.9816157681
New Zealand,2020,41760.5947839997
Nicaragua,2020,1876.60737169569
Niger,2020,564.821997328603
Nigeria,2020,2074.61392802438
North Macedonia,2020,5965.45023195365
Norway,2020,68340.0181033702
Occ.Pal.Terr,2020,3233.56863835858
Oman,2020,16707.6230063214
Pakistan,2020,1322.31478270271
Palau,2020,14016.2474961051
Panama,2020,13293.3332050433
Papua New Guinea,2020,2446.08441340059
Paraguay,2020,5353.34804464198
Peru,2020,6063.62657980167
Philippines,2020,3224.4228110466
Poland,2020,15816.8204022734
Portugal,2020,22242.4064179716
Qatar,2020,52315.6600783117
Romania,2020,13047.457681178
Russia,2020,10194.44140625
Rwanda,2020,773.820557473379
Samoa,2020,4042.72271474144
Sao Tome and Principe,2020,2161.31020078768
Saudi Arabia,2020,20398.0609873699
Senegal,2020,1492.47590420334
Serbia,2020,7733.80349392648
Seychelles,2020,12020.021913519
Sierra Leone,2020,493.432252431844
Singapore,2020,61274.0064626976
Slovak Republic,2020,19551.6211601931
Slovenia,2020,25545.2410027132
Solomon Islands,2020,2222.46214297336
South Africa,2020,5741.64124877252
Spain,2020,26959.6754367322
Sri Lanka,2020,3852.38996755421
St. Kitts and Nevis,2020,18566.0178460649
St. Lucia,2020,8458.07506262658
St. Vincent and the Grenadines,2020,8306.36758115851
Suriname,2020,4796.53331389928
Sweden,2020,52837.9039778149
Switzerland,2020,85656.322666307
Syrian Arab Republic,2020,537.211361424552
Tajikistan,2020,852.330229589791
Tanzania,2020,1104.16442871094
Thailand,2020,7001.78541255771
Togo,2020,875.245409906734
Tonga,2020,4605.97087843701
Trinidad and Tobago,2020,13871.7982158614
Tunisia,2020,3497.73323057269
Turkey,2020,8561.0643326366
Turkmenistan,2020,7297.18004219407
Turks and Caicos Isl.,2020,20882.2612702141
Tuvalu,2020,4674.90908818494
Uganda,2020,846.881199214807
Ukraine,2020,3751.7373046875
United Arab Emirates,2020,37629.1741680652
United Kingdom,2020,40318.4169225055
United States,2020,63528.6343027508
Uruguay,2020,15650.4994274155
Uzbekistan,2020,1759.30747050785
Vanuatu,2020,2917.75684908933
Venezuela,2020,13183.533017682701
Vietnam,2020,3586.34729656749
Yemen,2020,583.875662932079
Zambia,2020,956.831747486282
Zimbabwe,2020,1372.69667433317
Afghanistan,2021,363.674087113049
Albania,2021,6377.20309553753
Algeria,2021,3700.31119460857
Andorra,2021,42072.341103463
Angola,2021,1903.71740495688
Antigua and Barbuda,2021,16740.3481963818
Argentina,2021,10636.1155301986
Armenia,2021,4966.51347122366
Aruba,2021,29342.1007300268
Australia,2021,60444.5023551978
Austria,2021,53637.7057109897
Azerbaijan,2021,5408.04535175023
"Bahamas, The",2021,28260.4325506367
Bahrain,2021,26860.0725018105
Bangladesh,2021,2457.92404902236
Barbados,2021,17225.4623044097
Belarus,2021,7489.71894713888
Belgium,2021,51268.3880373598
Belize,2021,6228.26730928353
Benin,2021,1361.10074905831
Bermuda,2021,111774.669092278
Bhutan,2021,3266.36277371286
Bolivia,2021,3345.19658838387
Bosnia and Herzegovina,2021,7230.19816280366
Botswana,2021,7238.79609591086
Brazil,2021,7696.78553127562
Brunei,2021,31448.9136078023
Bulgaria,2021,12222.235645941
Burkina Faso,2021,893.077195986297
Burundi,2021,221.15780340632
Cambodia,2021,1625.2350215138
Cameroon,2021,1666.93280948232
Canada,2021,52358.6216405155
Cape Verde,2021,3557.83777540965
Cayman Islands,2021,88475.6008787475
Central African Republic,2021,461.137510928519
Chad,2021,685.690314996613
Chile,2021,16247.4010150765
China,2021,12617.5049863004
Colombia,2021,6182.70709867969
Comoros,2021,1577.47084066118
"Congo, Dem. Rep.",2021,577.209215199828
"Congo, Rep.",2021,2290.38299445343
Costa Rica,2021,12537.2567461753
Cote d'Ivoire,2021,2613.37889305378
Croatia,2021,17747.7892862107
Cuba,2021,7594.051827984469
Cyprus,2021,31552.03515625
Czech Republic,2021,26822.5141862111
Denmark,2021,68007.7566732954
Djibouti,2021,3050.30628163732
Dominica,2021,7668.15813216962
Dominican Republic,2021,8476.7496882797
East Timor,2021,2741.39394462437
Ecuador,2021,5965.13287054416
Egypt,2021,3886.7224983901
El Salvador,2021,4664.31122268385
Eritrea,2021,574.3812512439455
Estonia,2021,27943.701219882
Eswatini,2021,3982.90522931685
Ethiopia,2021,925.000697216762
Faeroe Islands,2021,69010.1662014429
Fiji,2021,4646.53792141919
Finland,2021,53489.7520190898
Fm Sudan,2021,749.706787109375
France,2021,43658.9789781222
French Polynesia,2021,19999.0767593202
Gabon,2021,8635.7971437495
Gambia,2021,772.151452383989
Georgia,2021,5023.27438368985
Germany,2021,51203.5544731043
Ghana,2021,2410.87730858166
Greece,2021,20192.5963039061
Greenland,2021,57116.4138715706
Grenada,2021,9010.5127999358
Guatemala,2021,5029.47733808268
Guinea,2021,1189.17599946636
Guinea-Bissau,2021,795.118605034735
Guyana,2021,9998.54431136155
Honduras,2021,2771.72261645247
Hong Kong,2021,49764.793115622
Hungary,2021,18772.1411117581
Iceland,2021,68594.0081044426
India,2021,2238.12713873311
Indonesia,2021,4334.21598260314
Iran,2021,4084.20030479458
Iraq,2021,4770.83534274738
Ireland,2021,100172.079253421
Israel,2021,52166.8121647134
Italy,2021,35770.0496120858
Jamaica,2021,5183.58110028848
Japan,2021,39827.1267678179
Jordan,2021,4046.93146710672
Kazakhstan,2021,10373.7897924367
Kenya,2021,2069.66113651418
Kiribati,2021,1766.14394497188
South Korea,2021,34997.7816427848
Kuwait,2021,32186.7654076734
Kyrgyz Republic,2021,1306.17799234979
Lao PDR,2021,2535.62343427332
Latvia,2021,21080.1774491839
Lebanon,2021,4136.14657516013
Lesotho,2021,1040.30862270774
Libya,2021,5908.9513231651
Lithuania,2021,23712.5357765275
Luxembourg,2021,133590.146975586
Macao,2021,43873.4171613356
Madagascar,2021,503.352081144811
Malawi,2021,633.609733286822
Malaysia,2021,11109.2652881747
Maldives,2021,10366.2567800183
Mali,2021,881.510088639799
Malta,2021,34218.2147417968
Mauritania,2021,2166.04479650543
Mauritius,2021,9062.72247588818
Mexico,2021,10045.676371041
"Micronesia, Fed. Sts.",2021,3571.33676887856
Moldova,2021,5235.63604416292
Mongolia,2021,4566.14013102675
Montenegro,2021,9465.96640819442
Morocco,2021,3795.38696289063
Mozambique,2021,491.83907494798
Myanmar,2021,1210.5406876897
Namibia,2021,4919.18895548026
Nepal,2021,1229.39420520705
Netherlands,2021,57708.1112134322
New Caledonia,2021,36668.4253519191
New Zealand,2021,49996.4206725811
Nicaragua,2021,2064.92511550317
Niger,2021,590.629481388087
Nigeria,2021,2065.74906750923
North Macedonia,2021,6694.64112581709
Norway,2021,90655.3910229392
Occ.Pal.Terr,2021,3678.63565662194
Oman,2021,19509.4664633867
Pakistan,2021,1505.01019279459
Palau,2021,12083.8881491345
Panama,2021,15491.2897902482
Papua New Guinea,2021,2644.53717330941
Paraguay,2021,5959.44176327886
Peru,2021,6635.46392344859
Philippines,2021,3460.53940077621
Poland,2021,17999.8322682985
Portugal,2021,24598.4727937544
Qatar,2021,66838.3276414802
Romania,2021,14927.1168555732
Russia,2021,12593.1572265625
Rwanda,2021,821.228194072436
Samoa,2021,3857.35668493835
Sao Tome and Principe,2021,2360.54355385897
Saudi Arabia,2021,24160.6760455307
Senegal,2021,1633.56011880605
Serbia,2021,9230.17444674566
Seychelles,2021,12963.0646717088
Sierra Leone,2021,504.621272179526
Singapore,2021,77710.0699565617
Slovak Republic,2021,21782.8550659196
Slovenia,2021,29291.4006234431
Solomon Islands,2021,2232.53695646531
South Africa,2021,7055.05517621298
Spain,2021,30103.513733191
Sri Lanka,2021,3994.2469579056
St. Kitts and Nevis,2021,18082.6879898426
St. Lucia,2021,9414.13774072652
St. Vincent and the Grenadines,2021,8360.10105917172
Suriname,2021,4869.13422621242
Sweden,2021,61143.2212428047
Switzerland,2021,91991.6004583563
Syrian Arab Republic,2021,2128.115326003529
Tajikistan,2021,916.691967061922
Tanzania,2021,1146.03198242188
Thailand,2021,7060.89760941608
Togo,2021,964.050010186895
Tonga,2021,4425.9705910742
Trinidad and Tobago,2021,16032.502767725
Tunisia,2021,3807.18456310206
Turkey,2021,9661.22773420424
Turkmenistan,2021,6440.209228732542
Turks and Caicos Isl.,2021,23158.6378951102
Tuvalu,2021,5372.75676603732
Uganda,2021,883.465728078128
Ukraine,2021,4827.845703125
United Arab Emirates,2021,44315.554183896
United Kingdom,2021,46585.8975644567
United States,2021,70219.472454115
Uruguay,2021,17923.9953327961
Uzbekistan,2021,1993.42447790795
Vanuatu,2021,3044.57364031957
Venezuela,2021,13183.533017682701
Vietnam,2021,3756.48912237473
Yemen,2021,603.707959365751
Zambia,2021,1137.34439483196
Zimbabwe,2021,1773.92041088078
